Congress Number,Session,Bill Number,Title,Short Titles,Bill Version,Is Private,Branch,Is Appropriation,Collection Name,Publisher,SuDoc Class,Date Issued,Current Chamber,Government Author 1,Government Author 2,Category,Last Action Date,Report Number,Bill Summary Link,Sponsors,Cosponsors,Committees,Actions
117,1,HR 99,To prohibit a single bill or joint resolution presented by Congress to the President from containing multiple subjects and to require the equal application of laws to Members of Congress.,"Citizen Legislature Anti-Corruption Reform of Congress Act, CLEAN Congress Act",ih,false,legislative,false,Congressional Bills,U.S. Government Publishing Office,"Y 1.6:, Y 1.4/6:",2021-01-04,HOUSE,Congress,House of Representatives,Bills and Statutes,2024-06-06T19:38:38Z,021-610-00252-9,https://api.govinfo.gov/packages/BILLS-117hr99ih/summary,Brian K. Fitzpatrick,Mike Gallagher,Committee on the Judiciary,Not Available
117,1,HR 999,"To designate certain lands in the State of Washington as components of the National Wilderness Preservation System, and for other purposes.",Wild Olympics Wilderness and Wild and Scenic Rivers Act,ih,false,legislative,false,Congressional Bills,U.S. Government Publishing Office,"Y 1.6:, Y 1.4/6:",2021-02-11,HOUSE,Congress,House of Representatives,Bills and Statutes,2024-06-06T19:22:49Z,021-610-00252-9,https://api.govinfo.gov/packages/BILLS-117hr999ih/summary,Derek Kilmer,None,Committee on Natural Resources,Not Available
117,1,HR 998,"To establish an offshore wind career training grant program, and for other purposes.",Offshore Wind Jobs and Opportunity Act,ih,false,legislative,false,Congressional Bills,U.S. Government Publishing Office,"Y 1.6:, Y 1.4/6:",2021-02-11,HOUSE,Congress,House of Representatives,Bills and Statutes,2024-06-06T19:41:53Z,021-610-00252-9,https://api.govinfo.gov/packages/BILLS-117hr998ih/summary,William R. Keating,"Chellie Pingree, Chris Pappas, Paul Tonko, Salud O. Carbajal, Rashida Tlaib, Jerry McNerney, Donald Norcross, Jared Huffman, Yvette D. Clarke, Nydia M. Velazquez, Stephen F. Lynch, A. Donald McEachin, Katherine M. Clark, Ro Khanna, Richard E. Neal, Ann M. Kuster, Alan S. Lowenthal, Lori Trahan, Albio Sires, Andy Kim","Committee on Education and Labor, Committee on Natural Resources",Not Available
117,1,HR 997,"To declare English as the official language of the United States, to establish a uniform English language rule for naturalization, and to avoid misconstructions of the English language texts of the laws of the United States, pursuant to Congress’ powers to provide for the general welfare of the United States and to establish a uniform rule of naturalization under article I, section 8, of the Constitution.",English Language Unity Act of 2021,ih,false,legislative,false,Congressional Bills,U.S. Government Publishing Office,"Y 1.6:, Y 1.4/6:",2021-02-11,HOUSE,Congress,House of Representatives,Bills and Statutes,2024-06-06T19:24:24Z,021-610-00252-9,https://api.govinfo.gov/packages/BILLS-117hr997ih/summary,Louie Gohmert,"Randy K. Weber, Sr., Jeff Duncan, Paul A. Gosar, Steven M. Palazzo, Tom McClintock, Thomas Massie, Ralph Norman, Mo Brooks, Glenn Grothman, Jody B. Hice, Bob Good, Marjorie Taylor Greene","Committee on Education and Labor, Committee on the Judiciary",Not Available
117,1,HR 996,To establish a commission to make recommendations on the appropriate size of membership of the House of Representatives and the method by which Members are elected.,Congress Commission Act,ih,false,legislative,false,Congressional Bills,U.S. Government Publishing Office,"Y 1.6:, Y 1.4/6:",2021-02-11,HOUSE,Congress,House of Representatives,Bills and Statutes,2024-06-06T19:31:48Z,021-610-00252-9,https://api.govinfo.gov/packages/BILLS-117hr996ih/summary,Alcee L. Hastings,"Andre Carson, Seth Moulton, Barbara Lee, Darren Soto",Committee on the Judiciary,Not Available
117,1,HR 995,To amend the Child Abuse Prevention and Treatment Act to authorize the Secretary of Health and Human Services to award grants for purposes of reducing child abuse and neglect due to the substance use disorder of a parent or caregiver.,,ih,false,legislative,false,Congressional Bills,U.S. Government Publishing Office,"Y 1.6:, Y 1.4/6:",2021-02-11,HOUSE,Congress,House of Representatives,Bills and Statutes,2024-06-06T19:43:46Z,021-610-00252-9,https://api.govinfo.gov/packages/BILLS-117hr995ih/summary,Josh Harder,Daniel Meuser,Committee on Education and Labor,Not Available
117,1,HR 994,"To prohibit the use of for-profit facilities and detention centers, and for other purposes.",Justice is Not For Sale Act of 2021,ih,false,legislative,false,Congressional Bills,U.S. Government Publishing Office,"Y 1.6:, Y 1.4/6:",2021-02-11,HOUSE,Congress,House of Representatives,Bills and Statutes,2024-06-06T19:52:16Z,021-610-00252-9,https://api.govinfo.gov/packages/BILLS-117hr994ih/summary,Raul M. Grijalva,"Bobby L. Rush, Janice D. Schakowsky, Barbara Lee, Earl Blumenauer, Grace Meng, Ruben Gallego, Eleanor Holmes Norton, Adriano Espaillat, Nydia M. Velazquez, Andre Carson, Ilhan Omar, Adam Smith, Jimmy Gomez, James P. McGovern, Michael F. Q. San Nicolas, Mark Pocan, Bonnie Watson Coleman, Mondaire Jones, Mark Takano, Grace F. Napolitano, Sylvia R. Garcia, Betty McCollum, Juan Vargas, Karen Bass, Henry C. ""Hank"" Johnson, Jr., Pramila Jayapal, Rashida Tlaib, Peter Welch, Gerald E. Connolly, Alexandria Ocasio-Cortez, Veronica Escobar","Committee on Financial Services, Committee on Homeland Security, Committee on Energy and Commerce, Committee on the Judiciary",Not Available
117,1,HR 993,To remove Federal funding from enforcing gun control.,Second Amendment Preservation Act,ih,false,legislative,false,Congressional Bills,U.S. Government Publishing Office,"Y 1.6:, Y 1.4/6:",2021-02-11,HOUSE,Congress,House of Representatives,Bills and Statutes,2024-06-06T19:59:23Z,021-610-00252-9,https://api.govinfo.gov/packages/BILLS-117hr993ih/summary,Marjorie Taylor Greene,"Paul A. Gosar, Randy K. Weber, Sr., Scott Perry, Madison Cawthorn, Thomas Massie",Committee on the Judiciary,Not Available
117,1,HR 992,"To direct the Attorney General to report to Congress on how United States taxpayer-funded research has benefitted China, and for other purposes.",No Taxpayer Funding for the Chinese Communist Party Act of 2021,ih,false,legislative,false,Congressional Bills,U.S. Government Publishing Office,"Y 1.6:, Y 1.4/6:",2021-02-11,HOUSE,Congress,House of Representatives,Bills and Statutes,2024-06-06T19:42:17Z,021-610-00252-9,https://api.govinfo.gov/packages/BILLS-117hr992ih/summary,Bob Good,"Yvette Herrell, Jody B. Hice, Louie Gohmert, James R. Baird","Committee on Foreign Affairs, Committee on Science, Space, and Technology",Not Available
117,1,HR 991,"To prohibit the Secretary of Homeland Security from rescinding, revising, or suspending the final rule, entitled Inadmissibility on Public Charge Grounds, and for other purposes.",Preserving Safety Net Integrity Act of 2021,ih,false,legislative,false,Congressional Bills,U.S. Government Publishing Office,"Y 1.6:, Y 1.4/6:",2021-02-11,HOUSE,Congress,House of Representatives,Bills and Statutes,2024-06-06T19:21:09Z,021-610-00252-9,https://api.govinfo.gov/packages/BILLS-117hr991ih/summary,Bob Good,"Jeff Duncan, Paul A. Gosar, Lauren Boebert, Randy K. Weber, Sr., Louie Gohmert, Jody B. Hice, Scott Perry, Mo Brooks",Committee on the Judiciary,Not Available
117,1,HR 990,"To amend the Federal Election Campaign Act of 1971 to require broadcasting stations, providers of cable and satellite television, and online platforms to make reasonable efforts to ensure that political advertisements are not purchased by a foreign national.",Block Foreign-Funded Political Ads Act,ih,false,legislative,false,Congressional Bills,U.S. Government Publishing Office,"Y 1.6:, Y 1.4/6:",2021-02-11,HOUSE,Congress,House of Representatives,Bills and Statutes,2024-06-06T19:40:21Z,021-610-00252-9,https://api.govinfo.gov/packages/BILLS-117hr990ih/summary,Jared F. Golden,None,Committee on House Administration,Not Available
117,1,HR 98,"To provide for the establishment of a COVID–19 Compensation Fund to compensate claimants for harms resulting from suffering from COVID–19, and for other purposes.",COVID–19 Victims Compensation Fund Act,ih,false,legislative,false,Congressional Bills,U.S. Government Publishing Office,"Y 1.6:, Y 1.4/6:",2021-01-04,HOUSE,Congress,House of Representatives,Bills and Statutes,2024-06-06T19:48:28Z,021-610-00252-9,https://api.govinfo.gov/packages/BILLS-117hr98ih/summary,Adriano Espaillat,None,Committee on the Judiciary,Not Available
117,1,HR 989,To amend the Federal Election Campaign Act of 1971 to require certain online platforms which display political advertisements to display with the advertisement a notice identifying the sponsor of the advertisement and to ensure that the notice will continue to be presented in the advertisement if a viewer of the advertisement shares the advertisement with others on that platform.,Consistent Labeling for Political Ads Act,ih,false,legislative,false,Congressional Bills,U.S. Government Publishing Office,"Y 1.6:, Y 1.4/6:",2021-02-11,HOUSE,Congress,House of Representatives,Bills and Statutes,2024-06-06T19:38:17Z,021-610-00252-9,https://api.govinfo.gov/packages/BILLS-117hr989ih/summary,Jared F. Golden,None,Committee on House Administration,Not Available
117,1,HR 988,"To protect the right of individuals to bear arms at water resources development projects administered by the Secretary of the Army, and for other purposes.",Recreational Lands Self-Defense Act of 2021,ih,false,legislative,false,Congressional Bills,U.S. Government Publishing Office,"Y 1.6:, Y 1.4/6:",2021-02-11,HOUSE,Congress,House of Representatives,Bills and Statutes,2024-06-06T20:01:40Z,021-610-00252-9,https://api.govinfo.gov/packages/BILLS-117hr988ih/summary,Bob Gibbs,"Michael Cloud, Jeff Duncan, Tom Emmer, Louie Gohmert, Paul A. Gosar, Andy Harris, Bill Johnson, Doug LaMalfa, Tom McClintock, Alexander X. Mooney, Dan Newhouse, Tom Rice, David Rouzer, Pete Sessions, Randy K. Weber, Sr., Brad R. Wenstrup, Don Young, Kat Cammack, Jake LaTurner, Nancy Mace, August Pfluger, Yvette Herrell",Committee on Transportation and Infrastructure,Not Available
117,1,HR 987,"To establish a grant program for domestic maritime workforce training and education, and for other purposes.",,ih,false,legislative,false,Congressional Bills,U.S. Government Publishing Office,"Y 1.6:, Y 1.4/6:",2021-02-11,HOUSE,Congress,House of Representatives,Bills and Statutes,2024-06-06T19:35:40Z,021-610-00252-9,https://api.govinfo.gov/packages/BILLS-117hr987ih/summary,Sylvia R. Garcia,"Don Young, Chellie Pingree, Alan S. Lowenthal, Ed Case",Committee on Transportation and Infrastructure,Not Available
117,1,HR 986,To provide support for a robust global response to the COVID–19 pandemic.,Robust International Response to Pandemic Act,ih,false,legislative,false,Congressional Bills,U.S. Government Publishing Office,"Y 1.6:, Y 1.4/6:",2021-02-11,HOUSE,Congress,House of Representatives,Bills and Statutes,2024-06-06T19:28:53Z,021-610-00252-9,https://api.govinfo.gov/packages/BILLS-117hr986ih/summary,None,"Janice D. Schakowsky, Mark Takano, Joaquin Castro, Stephen F. Lynch, James P. McGovern, Andy Levin, Ilhan Omar, David N. Cicilline, Adriano Espaillat, Mark Pocan, Steve Cohen, Henry C. ""Hank"" Johnson, Jr., Ayanna Pressley, Pramila Jayapal",Committee on Financial Services,Not Available
117,1,HR 985,"To secure Federal access to scientific literature and other subscription services by requiring Federal agencies and legislative branch research arms to make recommendations on increasing agency library access to serials, and for other purposes.","Well-Informed, Scientific, and Efficient Government Act of 2021, WISE Government Act",ih,false,legislative,false,Congressional Bills,U.S. Government Publishing Office,"Y 1.6:, Y 1.4/6:",2021-02-11,HOUSE,Congress,House of Representatives,Bills and Statutes,2024-06-06T19:27:33Z,021-610-00252-9,https://api.govinfo.gov/packages/BILLS-117hr985ih/summary,Bill Foster,"Mark Takano, Dina Titus, Ed Case",Committee on Oversight and Reform,Not Available
117,1,HR 984,To amend the Internal Revenue Code of 1986 to provide for the indexing of certain assets for purposes of determining gain or loss of eligible individuals.,Retirement Inflation Protection Act of 2021,ih,false,legislative,false,Congressional Bills,U.S. Government Publishing Office,"Y 1.6:, Y 1.4/6:",2021-02-11,HOUSE,Congress,House of Representatives,Bills and Statutes,2024-06-06T19:41:25Z,021-610-00252-9,https://api.govinfo.gov/packages/BILLS-117hr984ih/summary,Tom Emmer,None,Committee on Ways and Means,Not Available
117,1,HR 983,"An Act To amend title 18, United States Code, to provide an additional tool to prevent certain frauds against veterans, and for other purposes.",Preventing Crimes Against Veterans Act of 2021,rfs,false,legislative,false,Congressional Bills,U.S. Government Publishing Office,"Y 1.6:, Y 1.4/6:",2021-06-23,SENATE,Congress,Senate,Bills and Statutes,2024-06-06T19:27:29Z,021-610-00252-9,https://api.govinfo.gov/packages/BILLS-117hr983rfs/summary,None,None,Committee on the Judiciary,Not Available
117,1,HR 983,"To amend title 18, United States Code, to provide an additional tool to prevent certain frauds against veterans, and for other purposes.",Preventing Crimes Against Veterans Act of 2021,ih,false,legislative,false,Congressional Bills,U.S. Government Publishing Office,"Y 1.6:, Y 1.4/6:",2021-02-11,HOUSE,Congress,House of Representatives,Bills and Statutes,2024-06-06T19:39:54Z,021-610-00252-9,https://api.govinfo.gov/packages/BILLS-117hr983ih/summary,Theodore E. Deutch,Brian K. Fitzpatrick,Committee on the Judiciary,Not Available
117,1,HR 983,"An Act To amend title 18, United States Code, to provide an additional tool to prevent certain frauds against veterans, and for other purposes.",Preventing Crimes Against Veterans Act of 2021,eh,false,legislative,false,Congressional Bills,U.S. Government Publishing Office,"Y 1.6:, Y 1.4/6:",2021-06-22,HOUSE,Congress,House of Representatives,Bills and Statutes,2024-06-06T19:28:57Z,021-610-00252-9,https://api.govinfo.gov/packages/BILLS-117hr983eh/summary,None,None,None,Not Available
117,1,HR 982,"To establish an office within the Federal Trade Commission to prevent fraud targeting seniors, and for other purposes.",Seniors Fraud Prevention Act of 2021,ih,false,legislative,false,Congressional Bills,U.S. Government Publishing Office,"Y 1.6:, Y 1.4/6:",2021-02-11,HOUSE,Congress,House of Representatives,Bills and Statutes,2024-06-06T19:44:07Z,021-610-00252-9,https://api.govinfo.gov/packages/BILLS-117hr982ih/summary,Theodore E. Deutch,"Peter Welch, Vern Buchanan",Committee on Energy and Commerce,Not Available
117,1,HR 981,"To direct the Federal Communications Commission to collect and maintain data on the growth in the use of Internet of Things devices and devices that use 5G mobile networks in order to determine the amount of electromagnetic spectrum required to meet the demand created by such use, and for other purposes.",IoT Readiness Act of 2021,ih,false,legislative,false,Congressional Bills,U.S. Government Publishing Office,"Y 1.6:, Y 1.4/6:",2021-02-11,HOUSE,Congress,House of Representatives,Bills and Statutes,2024-06-06T20:01:19Z,021-610-00252-9,https://api.govinfo.gov/packages/BILLS-117hr981ih/summary,Suzan K. DelBene,John Katko,Committee on Energy and Commerce,Not Available
117,1,HR 980,"To withdraw certain land located in Curry County and Josephine County, Oregon, from all forms of entry, appropriation, or disposal under the public land laws, location, entry, and patent under the mining laws, and operation under the mineral leasing and geothermal leasing laws, and for other purposes.",Southwestern Oregon Watershed and Salmon Protection Act of 2021,ih,false,legislative,false,Congressional Bills,U.S. Government Publishing Office,"Y 1.6:, Y 1.4/6:",2021-02-11,HOUSE,Congress,House of Representatives,Bills and Statutes,2024-06-06T19:27:26Z,021-610-00252-9,https://api.govinfo.gov/packages/BILLS-117hr980ih/summary,Peter A. DeFazio,Jared Huffman,Committee on Natural Resources,Not Available
117,1,HR 97,To abolish the death penalty under Federal law.,Federal Death Penalty Abolition Act of 2021,ih,false,legislative,false,Congressional Bills,U.S. Government Publishing Office,"Y 1.6:, Y 1.4/6:",2021-01-04,HOUSE,Congress,House of Representatives,Bills and Statutes,2024-06-06T19:19:28Z,021-610-00252-9,https://api.govinfo.gov/packages/BILLS-117hr97ih/summary,Adriano Espaillat,"Janice D. Schakowsky, Gwen Moore, Eleanor Holmes Norton, Ilhan Omar, Barbara Lee, Rashida Tlaib, James P. McGovern, Nydia M. Velazquez, Julia Brownley, Thomas R. Suozzi, John P. Sarbanes, Mark DeSaulnier","Committee on Armed Services, Committee on the Judiciary",Not Available
117,1,HR 979,"To direct the Secretary of Health and Human Services to submit to Congress a weekly report on COVID–19 vaccine distribution, and for other purposes.",Vaccine Fairness Act,ih,false,legislative,false,Congressional Bills,U.S. Government Publishing Office,"Y 1.6:, Y 1.4/6:",2021-02-11,HOUSE,Congress,House of Representatives,Bills and Statutes,2024-06-06T19:50:48Z,021-610-00252-9,https://api.govinfo.gov/packages/BILLS-117hr979ih/summary,Angie Craig,None,Committee on Energy and Commerce,Not Available
117,1,HR 978,"To require the head of each agency to establish a safety plan relating to COVID–19 for any worksite at which employees or contractors are required to be physically present during the COVID–19 pandemic, and for other purposes.",Chai Suthammanont Remembrance Act of 2021,ih,false,legislative,false,Congressional Bills,U.S. Government Publishing Office,"Y 1.6:, Y 1.4/6:",2021-02-11,HOUSE,Congress,House of Representatives,Bills and Statutes,2024-06-06T19:17:54Z,021-610-00252-9,https://api.govinfo.gov/packages/BILLS-117hr978ih/summary,Gerald E. Connolly,"Carolyn B. Maloney, Jackie Speier, John P. Sarbanes, Jamie Raskin, Eleanor Holmes Norton, Stephen F. Lynch",Committee on Oversight and Reform,Not Available
117,1,HR 977,"To amend the Immigration and Nationality Act to provide for a minimum number of refugees who may be admitted in any fiscal year after fiscal year 2022, and for other purposes.",Lady Liberty Act of 2021,ih,false,legislative,false,Congressional Bills,U.S. Government Publishing Office,"Y 1.6:, Y 1.4/6:",2021-02-11,HOUSE,Congress,House of Representatives,Bills and Statutes,2024-06-06T19:24:47Z,021-610-00252-9,https://api.govinfo.gov/packages/BILLS-117hr977ih/summary,Gerald E. Connolly,"Earl Blumenauer, David N. Cicilline, Steve Cohen, Yvette D. Clarke, Diana DeGette, Mark DeSaulnier, Theodore E. Deutch, Debbie Dingell, Veronica Escobar, Anna G. Eshoo, Adriano Espaillat, Bill Foster, Ruben Gallego, Sylvia R. Garcia, Raul M. Grijalva, Alcee L. Hastings, Pramila Jayapal, Eddie Bernice Johnson, Henry C. ""Hank"" Johnson, Jr., Marcy Kaptur, Ro Khanna, Barbara Lee, Andy Levin, Ted Lieu, Betty McCollum, James P. McGovern, Gwen Moore, Seth Moulton, Grace F. Napolitano, Eleanor Holmes Norton, Ilhan Omar, Frank Pallone, Jr., Jimmy Panetta, Bill Pascrell, Jr., Scott H. Peters, Chellie Pingree, Jamie Raskin, Kathleen M. Rice, Lucille Roybal-Allard, Bobby L. Rush, Janice D. Schakowsky, Robert C. ""Bobby"" Scott, Albio Sires, Adam Smith, Rashida Tlaib, Juan Vargas, Nydia M. Velazquez, Debbie Wasserman Schultz, Bonnie Watson Coleman, Peter Welch, Al Green, Donald S. Beyer, Jr., Thomas R. Suozzi, William R. Keating",Committee on the Judiciary,Not Available
117,1,HR 976,"To amend the Public Health Service Act to expand, enhance, and improve applicable public health data systems used by the Centers for Disease Control and Prevention, and for other purposes.","Ensuring Transparent Honest Information on COVID–19 Act, ETHIC Act",ih,false,legislative,false,Congressional Bills,U.S. Government Publishing Office,"Y 1.6:, Y 1.4/6:",2021-02-11,HOUSE,Congress,House of Representatives,Bills and Statutes,2024-06-06T19:43:23Z,021-610-00252-9,https://api.govinfo.gov/packages/BILLS-117hr976ih/summary,Kathy Castor,Lauren Underwood,"Committee on Oversight and Reform, Committee on Energy and Commerce",Not Available
117,1,HR 975,"To amend title XVIII of the Social Security Act to require coverage under Medicare PDPs and MA–PD plans, without the imposition of cost sharing or utilization management requirements, of drugs intended to treat COVID–19 during certain emergencies.",Ensuring Seniors’ Access to COVID Treatments Act,ih,false,legislative,false,Congressional Bills,U.S. Government Publishing Office,"Y 1.6:, Y 1.4/6:",2021-02-11,HOUSE,Congress,House of Representatives,Bills and Statutes,2024-06-06T19:48:55Z,021-610-00252-9,https://api.govinfo.gov/packages/BILLS-117hr975ih/summary,Sean Casten,None,"Committee on Foreign Affairs, Committee on Energy and Commerce",Not Available
117,1,HR 974,"To establish a national commission on fiscal responsibility and reform, and for other purposes.",Sustainable Budget Act of 2021,ih,false,legislative,false,Congressional Bills,U.S. Government Publishing Office,"Y 1.6:, Y 1.4/6:",2021-02-11,HOUSE,Congress,House of Representatives,Bills and Statutes,2024-06-06T19:20:17Z,021-610-00252-9,https://api.govinfo.gov/packages/BILLS-117hr974ih/summary,Ed Case,"Steve Womack, Dean Phillips, Tim Burchett","Committee on the Budget, Committee on Rules",Not Available
117,1,HR 973,"To designate certain Federal land in the State of California as wilderness, and for other purposes.",Central Coast Heritage Protection Act,ih,false,legislative,false,Congressional Bills,U.S. Government Publishing Office,"Y 1.6:, Y 1.4/6:",2021-02-11,HOUSE,Congress,House of Representatives,Bills and Statutes,2024-06-06T19:38:49Z,021-610-00252-9,https://api.govinfo.gov/packages/BILLS-117hr973ih/summary,Salud O. Carbajal,"Jared Huffman, Judy Chu, Jimmy Panetta, Julia Brownley",Committee on Natural Resources,Not Available
117,2,HR 972,"To establish the Western Riverside County Wildlife Refuge, and for other purposes.",Wildlife Refuge Conservation and Recreation for the Community Act,rh,false,legislative,false,Congressional Bills,U.S. Government Publishing Office,"Y 1.6:, Y 1.4/6:",2022-04-25,HOUSE,Congress,House of Representatives,Bills and Statutes,2024-06-06T19:33:52Z,021-610-00252-9,https://api.govinfo.gov/packages/BILLS-117hr972rh/summary,Ken Calvert,"Mark Takano, Pete Aguilar",Committee on Natural Resources,Not Available
117,1,HR 972,"To establish the Western Riverside County Wildlife Refuge, and for other purposes.",Wildlife Refuge Conservation and Recreation for the Community Act,ih,false,legislative,false,Congressional Bills,U.S. Government Publishing Office,"Y 1.6:, Y 1.4/6:",2021-02-11,HOUSE,Congress,House of Representatives,Bills and Statutes,2024-06-06T19:31:30Z,021-610-00252-9,https://api.govinfo.gov/packages/BILLS-117hr972ih/summary,Ken Calvert,Mark Takano,Committee on Natural Resources,Not Available
117,1,HR 971,"To require the Administrator of the Small Business Administration to establish a program to encourage small business concerns to make business succession plans, and for other purposes.",Small Business Succession Planning Act,ih,false,legislative,false,Congressional Bills,U.S. Government Publishing Office,"Y 1.6:, Y 1.4/6:",2021-02-11,HOUSE,Congress,House of Representatives,Bills and Statutes,2024-06-06T19:37:05Z,021-610-00252-9,https://api.govinfo.gov/packages/BILLS-117hr971ih/summary,Cheri Bustos,"Andrew R. Garbarino, Jason Crow, Tom Rice, Eleanor Holmes Norton, Angie Craig, Michael F. Q. San Nicolas","Committee on Small Business, Committee on Ways and Means",Not Available
117,1,HR 970,"To amend the Internal Revenue Code of 1986 to extend the qualified opportunity zone tax incentive, and for other purposes.",Opportunity Zone Extension Act of 2021,ih,false,legislative,false,Congressional Bills,U.S. Government Publishing Office,"Y 1.6:, Y 1.4/6:",2021-02-11,HOUSE,Congress,House of Representatives,Bills and Statutes,2024-06-06T19:52:15Z,021-610-00252-9,https://api.govinfo.gov/packages/BILLS-117hr970ih/summary,Tim Burchett,Henry Cuellar,Committee on Ways and Means,Not Available
117,2,HR 9709,"To direct the Administrator of the Federal Aviation Administration to issue regulations, policy, and guidance to ensure the safety of the aviation system, and for other purposes.",Protecting the Safety of Air Traffic Control and the Aviation System Act,ih,false,legislative,false,Congressional Bills,U.S. Government Publishing Office,"Y 1.6:, Y 1.4/6:",2023-01-03,HOUSE,Congress,House of Representatives,Bills and Statutes,2024-06-06T19:18:01Z,021-610-00252-9,https://api.govinfo.gov/packages/BILLS-117hr9709ih/summary,Garret Graves,None,Committee on Transportation and Infrastructure,Not Available
117,2,HR 9708,"To amend title 18, United States Code, to prohibit former employees of covered health agencies from serving on the board of entities involved in development and research of covered vaccines, and for other purposes.",Fixing Administrations Unethical Corrupt Influence Act,ih,false,legislative,false,Congressional Bills,U.S. Government Publishing Office,"Y 1.6:, Y 1.4/6:",2023-01-03,HOUSE,Congress,House of Representatives,Bills and Statutes,2024-06-06T19:51:07Z,021-610-00252-9,https://api.govinfo.gov/packages/BILLS-117hr9708ih/summary,Unknown,None,Committee on the Judiciary,Not Available
117,2,HR 9707,"To direct the Secretary of Health and Human Services to establish a block grant program to provide incentives to underage mothers to stay in school and remain off of welfare, and for other purposes.","Making Opportunities for Mothers Act, MOM Act",ih,false,legislative,false,Congressional Bills,U.S. Government Publishing Office,"Y 1.6:, Y 1.4/6:",2023-01-03,HOUSE,Congress,House of Representatives,Bills and Statutes,2024-06-06T19:59:06Z,021-610-00252-9,https://api.govinfo.gov/packages/BILLS-117hr9707ih/summary,Unknown,None,Committee on Education and Labor,Not Available
117,2,HR 9706,"To amend the Federal Reserve Act to require Federal Reserve banks to interview at least one individual reflective of gender diversity and one individual reflective of racial or ethnic diversity when appointing Federal Reserve bank presidents, and for other purposes.",Ensuring Diverse Leadership Act of 2022,ih,false,legislative,false,Congressional Bills,U.S. Government Publishing Office,"Y 1.6:, Y 1.4/6:",2023-01-03,HOUSE,Congress,House of Representatives,Bills and Statutes,2024-06-06T19:32:33Z,021-610-00252-9,https://api.govinfo.gov/packages/BILLS-117hr9706ih/summary,Joyce Beatty,None,Committee on Financial Services,Not Available
117,2,HR 9705,"To amend the Federal Reserve Act to require the Board of Governors of the Federal Reserve System to establish goals for the use of diverse investment advisers, brokers, and dealers in investment management agreements related to the Board of Governor’s unusual and exigent circumstances authority, and for other purposes.",Promoting Diverse Investment Advisers Act,ih,false,legislative,false,Congressional Bills,U.S. Government Publishing Office,"Y 1.6:, Y 1.4/6:",2023-01-03,HOUSE,Congress,House of Representatives,Bills and Statutes,2024-06-06T19:54:18Z,021-610-00252-9,https://api.govinfo.gov/packages/BILLS-117hr9705ih/summary,Joyce Beatty,None,Committee on Financial Services,Not Available
117,2,HR 9704,"To amend title 23, United States Code, to encourage affordable and accessible classroom-based driving instruction and behind-the-wheel training in highway safety programs, and for other purposes.","Developing Robust Investments in Vehicle Education for Roadway Safety Act, DRIVERS Act",ih,false,legislative,false,Congressional Bills,U.S. Government Publishing Office,"Y 1.6:, Y 1.4/6:",2022-12-30,HOUSE,Congress,House of Representatives,Bills and Statutes,2024-06-06T19:57:12Z,021-610-00252-9,https://api.govinfo.gov/packages/BILLS-117hr9704ih/summary,Nikema Williams,None,Committee on Transportation and Infrastructure,Not Available
117,2,HR 9703,"To amend the Federal Election Campaign Act of 1971 to require a candidate for Congress to file additional information about a candidate’s educational background, military service, and employment history, and for other purposes.","Stopping Another Non-Truthful Office Seeker Act, SANTOS Act",ih,false,legislative,false,Congressional Bills,U.S. Government Publishing Office,"Y 1.6:, Y 1.4/6:",2022-12-30,HOUSE,Congress,House of Representatives,Bills and Statutes,2024-06-06T19:43:10Z,021-610-00252-9,https://api.govinfo.gov/packages/BILLS-117hr9703ih/summary,Ritchie Torres,None,Committee on House Administration,Not Available
117,2,HR 9702,To amend the Internal Revenue Code of 1986 to allow deductions and credits relating to expenditures in connection with marijuana sales conducted in compliance with State law.,,ih,false,legislative,false,Congressional Bills,U.S. Government Publishing Office,"Y 1.6:, Y 1.4/6:",2022-12-30,HOUSE,Congress,House of Representatives,Bills and Statutes,2024-06-06T19:42:13Z,021-610-00252-9,https://api.govinfo.gov/packages/BILLS-117hr9702ih/summary,Nancy Mace,None,Committee on Ways and Means,Not Available
117,2,HR 9701,"To direct the Secretary of the Interior to establish a program whereby the Secretary shall convey certain Federal land to individuals who permanently waive eligibility for certain welfare programs, and for other purposes.",Welfare Reform Act of 2022,ih,false,legislative,false,Congressional Bills,U.S. Government Publishing Office,"Y 1.6:, Y 1.4/6:",2022-12-30,HOUSE,Congress,House of Representatives,Bills and Statutes,2024-06-06T19:35:31Z,021-610-00252-9,https://api.govinfo.gov/packages/BILLS-117hr9701ih/summary,Louie Gohmert,None,"Committee on Agriculture, Committee on Financial Services, Committee on Education and Labor, Committee on Energy and Commerce, Committee on Natural Resources, Committee on the Judiciary, Committee on Ways and Means",Not Available
117,2,HR 9700,"To clarify the legal basis for the position of the United States on sovereignty over Taiwan and distinguish such position from the People’s Republic of China’s one China principle, and for other purposes.",Taiwan Status Diplomacy Act,ih,false,legislative,false,Congressional Bills,U.S. Government Publishing Office,"Y 1.6:, Y 1.4/6:",2022-12-30,HOUSE,Congress,House of Representatives,Bills and Statutes,2024-06-06T19:17:41Z,021-610-00252-9,https://api.govinfo.gov/packages/BILLS-117hr9700ih/summary,Steve Chabot,None,Committee on Foreign Affairs,Not Available
117,1,HR 96,"To authorize a national memorial to commemorate those whose lives were lost to COVID–19 and those who helped the country to recover, and for other purposes.",COVID–19 National Memorial Act,ih,false,legislative,false,Congressional Bills,U.S. Government Publishing Office,"Y 1.6:, Y 1.4/6:",2021-01-04,HOUSE,Congress,House of Representatives,Bills and Statutes,2024-06-06T19:49:04Z,021-610-00252-9,https://api.govinfo.gov/packages/BILLS-117hr96ih/summary,Adriano Espaillat,Jamie Raskin,Committee on Natural Resources,Not Available
117,1,HR 969,"To require that independent agencies comply with all requirements of rulemaking, and for other purposes.",Freedom from Regulations Act of 2021,ih,false,legislative,false,Congressional Bills,U.S. Government Publishing Office,"Y 1.6:, Y 1.4/6:",2021-02-11,HOUSE,Congress,House of Representatives,Bills and Statutes,2024-06-06T19:24:31Z,021-610-00252-9,https://api.govinfo.gov/packages/BILLS-117hr969ih/summary,Ted Budd,Chip Roy,"Committee on Oversight and Reform, Committee on the Judiciary, Committee on Small Business",Not Available
117,2,HR 9699,"To require the Bureau of Consumer Financial Protection to conduct an assessment of the use of certain educational data in determining the creditworthiness of an applicant, and for other purposes.",Examining Educational Redlining in Lending Act,ih,false,legislative,false,Congressional Bills,U.S. Government Publishing Office,"Y 1.6:, Y 1.4/6:",2022-12-30,HOUSE,Congress,House of Representatives,Bills and Statutes,2024-06-06T19:43:02Z,021-610-00252-9,https://api.govinfo.gov/packages/BILLS-117hr9699ih/summary,Joyce Beatty,None,Committee on Financial Services,Not Available
117,2,HR 9698,To amend the Higher Education Act of 1965 to require institutions of higher education to create a venue-specific heat emergency action plan.,Jordan McNair Student-Athlete Heat Fatality Prevention Act,ih,false,legislative,false,Congressional Bills,U.S. Government Publishing Office,"Y 1.6:, Y 1.4/6:",2022-12-27,HOUSE,Congress,House of Representatives,Bills and Statutes,2024-06-06T20:01:44Z,021-610-00252-9,https://api.govinfo.gov/packages/BILLS-117hr9698ih/summary,Kweisi Mfume,None,Committee on Education and Labor,Not Available
117,2,HR 9697,"To prohibit the use of funds to provide United States military support for the Saudi-led military intervention in Yemen, and for other purposes.",,ih,false,legislative,false,Congressional Bills,U.S. Government Publishing Office,"Y 1.6:, Y 1.4/6:",2022-12-27,HOUSE,Congress,House of Representatives,Bills and Statutes,2024-06-06T19:54:49Z,021-610-00252-9,https://api.govinfo.gov/packages/BILLS-117hr9697ih/summary,Ro Khanna,None,Committee on Armed Services,Not Available
117,2,HR 9696,"To direct the Secretary of Defense to provide certain resources to implement the Department of Defense policy on civilian harm in connection with United States military operations, and for other purposes.",,ih,false,legislative,false,Congressional Bills,U.S. Government Publishing Office,"Y 1.6:, Y 1.4/6:",2022-12-27,HOUSE,Congress,House of Representatives,Bills and Statutes,2024-06-06T19:41:56Z,021-610-00252-9,https://api.govinfo.gov/packages/BILLS-117hr9696ih/summary,Ro Khanna,None,Committee on Armed Services,Not Available
117,2,HR 9695,"To amend the Communications Act of 1934 to clarify section 230(c)(1) of such Act, and for other purposes.",Platform Integrity Act,ih,false,legislative,false,Congressional Bills,U.S. Government Publishing Office,"Y 1.6:, Y 1.4/6:",2022-12-27,HOUSE,Congress,House of Representatives,Bills and Statutes,2024-06-06T19:43:37Z,021-610-00252-9,https://api.govinfo.gov/packages/BILLS-117hr9695ih/summary,David N. Cicilline,Ken Buck,Committee on Energy and Commerce,Not Available
117,2,HR 9694,For the relief of Jan van Hoek.,,ih,true,legislative,false,Congressional Bills,U.S. Government Publishing Office,"Y 1.6:, Y 1.4/6:",2022-12-23,HOUSE,Congress,House of Representatives,Bills and Statutes,2024-06-06T19:31:31Z,021-610-00252-9,https://api.govinfo.gov/packages/BILLS-117hr9694ih/summary,C. Scott Franklin,None,Committee on Energy and Commerce,Not Available
117,2,HR 9693,"To amend the Lobbying Disclosure Act of 1995 to assign unique identification numbers to each lobbyist who registers under such Act and to each client of the lobbyist and each person who provides strategic lobbying services in support of the lobbyist, to require the disclosure of information on any persons who provide strategic lobbying services in support of registered lobbyists under such Act, to require the Clerk of the House of Representatives and the Secretary of the Senate to assign a unique identification number to each individual who registers as a lobbyist under such Act, and for other purposes.",Lobbying Disclosure Reform Act of 2022,ih,false,legislative,false,Congressional Bills,U.S. Government Publishing Office,"Y 1.6:, Y 1.4/6:",2022-12-23,HOUSE,Congress,House of Representatives,Bills and Statutes,2024-06-06T19:26:04Z,021-610-00252-9,https://api.govinfo.gov/packages/BILLS-117hr9693ih/summary,Dean Phillips,None,Committee on the Judiciary,Not Available
117,2,HR 9692,"To terminate the Congressional Budget Office, and for other purposes.",Congressional Budget Office Termination Act,ih,false,legislative,false,Congressional Bills,U.S. Government Publishing Office,"Y 1.6:, Y 1.4/6:",2022-12-23,HOUSE,Congress,House of Representatives,Bills and Statutes,2024-06-06T19:39:45Z,021-610-00252-9,https://api.govinfo.gov/packages/BILLS-117hr9692ih/summary,Louie Gohmert,None,Committee on the Budget,Not Available
117,2,HR 9691,"To require an investigation into all non-natural deaths of journalists in a foreign nation, who are United States citizens or working on behalf of a United States-based news media entity, and for other purposes.",Justice For Journalists Act,ih,false,legislative,false,Congressional Bills,U.S. Government Publishing Office,"Y 1.6:, Y 1.4/6:",2022-12-23,HOUSE,Congress,House of Representatives,Bills and Statutes,2024-06-06T19:48:15Z,021-610-00252-9,https://api.govinfo.gov/packages/BILLS-117hr9691ih/summary,Andre Carson,"James P. McGovern, Eleanor Holmes Norton, Bennie G. Thompson","Committee on Foreign Affairs, Committee on the Judiciary",Not Available
117,2,HR 9690,"To amend title 49, United States Code, to provide for highway-rail grade crossing separation grants, and for other purposes.",Blocked Rail Crossings Safety Improvement Act of 2021,ih,false,legislative,false,Congressional Bills,U.S. Government Publishing Office,"Y 1.6:, Y 1.4/6:",2022-12-23,HOUSE,Congress,House of Representatives,Bills and Statutes,2024-06-06T19:15:25Z,021-610-00252-9,https://api.govinfo.gov/packages/BILLS-117hr9690ih/summary,Andre Carson,None,Committee on Transportation and Infrastructure,Not Available
117,1,HR 968,"To provide for a method by which the economic costs of significant regulatory actions may be offset by the repeal of other regulatory actions, and for other purposes.",Lessening Regulatory Costs and Establishing a Federal Regulatory Budget Act of 2021,ih,false,legislative,false,Congressional Bills,U.S. Government Publishing Office,"Y 1.6:, Y 1.4/6:",2021-02-11,HOUSE,Congress,House of Representatives,Bills and Statutes,2024-06-06T19:34:21Z,021-610-00252-9,https://api.govinfo.gov/packages/BILLS-117hr968ih/summary,Ted Budd,"Matt Gaetz, Scott DesJarlais, Scott Perry, Jody B. Hice",Committee on Oversight and Reform,Not Available
117,2,HR 9689,"To direct the Secretary of Health and Human Services, acting through the Deputy Assistant Secretary for Women’s Health, to create educational materials with respect to covered disorders for elementary and secondary school students, and for other purposes.",Know Your Body Act,ih,false,legislative,false,Congressional Bills,U.S. Government Publishing Office,"Y 1.6:, Y 1.4/6:",2022-12-22,HOUSE,Congress,House of Representatives,Bills and Statutes,2024-06-06T19:56:54Z,021-610-00252-9,https://api.govinfo.gov/packages/BILLS-117hr9689ih/summary,Nikema Williams,None,"Committee on Education and Labor, Committee on Energy and Commerce",Not Available
117,2,HR 9688,To amend the Help America Vote Act of 2002 to ensure that voters in elections for Federal office do not wait in long lines in order to vote.,People Over Long Lines Act (POLL Act),ih,false,legislative,false,Congressional Bills,U.S. Government Publishing Office,"Y 1.6:, Y 1.4/6:",2022-12-22,HOUSE,Congress,House of Representatives,Bills and Statutes,2024-06-06T19:58:54Z,021-610-00252-9,https://api.govinfo.gov/packages/BILLS-117hr9688ih/summary,Nikema Williams,Gwen Moore,Committee on House Administration,Not Available
117,2,HR 9687,"To authorize the collection of supplemental payments to increase congressional investments in medical research, and for other purposes.",Medical Innovation Act of 2022,ih,false,legislative,false,Congressional Bills,U.S. Government Publishing Office,"Y 1.6:, Y 1.4/6:",2022-12-22,HOUSE,Congress,House of Representatives,Bills and Statutes,2024-06-06T20:00:20Z,021-610-00252-9,https://api.govinfo.gov/packages/BILLS-117hr9687ih/summary,Peter Welch,None,Committee on Energy and Commerce,Not Available
117,2,HR 9686,"To amend title 18, United States Code, to prohibit the making of short-term, Buy Now, Pay Later loans for the purchase of semiautomatic assault weapons.",Assault Weapon Financing Accountability Act,ih,false,legislative,false,Congressional Bills,U.S. Government Publishing Office,"Y 1.6:, Y 1.4/6:",2022-12-22,HOUSE,Congress,House of Representatives,Bills and Statutes,2024-06-06T19:30:59Z,021-610-00252-9,https://api.govinfo.gov/packages/BILLS-117hr9686ih/summary,Tom Malinowski,John B. Larson,Committee on the Judiciary,Not Available
117,2,HR 9685,"To provide for the admission and protection of refugees, asylum seekers, and other vulnerable individuals, to provide for the processing of refugees and asylum seekers in the Western Hemisphere, and to modify certain special immigrant visa programs, and for other purposes.","Refugee Protection Act of 2022, Domestic Refugee Resettlement Reform and Modernization Act of 2022",ih,false,legislative,false,Congressional Bills,U.S. Government Publishing Office,"Y 1.6:, Y 1.4/6:",2022-12-22,HOUSE,Congress,House of Representatives,Bills and Statutes,2024-06-06T19:32:05Z,021-610-00252-9,https://api.govinfo.gov/packages/BILLS-117hr9685ih/summary,Zoe Lofgren,"Jerrold Nadler, Pramila Jayapal, Jimmy Panetta, Sara Jacobs, Alan S. Lowenthal, Eleanor Holmes Norton, Mary Gay Scanlon, Earl Blumenauer, Mark DeSaulnier","Committee on the Budget, Committee on Education and Labor, Committee on Foreign Affairs, Committee on the Judiciary, Committee on Ways and Means",Not Available
117,2,HR 9684,"To amend title 18, United States Code, to require affirmative consent from the governing body of certain Indian Tribes for jurisdiction to be conferred on the State of Kansas over offenses committed on the reservations of such Indian Tribes, and for other purposes.",Kansas Indian Country Law Enforcement Improvement Act of 2022,ih,false,legislative,false,Congressional Bills,U.S. Government Publishing Office,"Y 1.6:, Y 1.4/6:",2022-12-22,HOUSE,Congress,House of Representatives,Bills and Statutes,2024-06-06T19:43:46Z,021-610-00252-9,https://api.govinfo.gov/packages/BILLS-117hr9684ih/summary,Jake LaTurner,Tracey Mann,Committee on the Judiciary,Not Available
117,2,HR 9683,"To amend the Immigration and Nationality Act to expand the definition of engage in terrorist activity, and for other purposes.",Protect Against Terrorist Threats (PATT) Act of 2022,ih,false,legislative,false,Congressional Bills,U.S. Government Publishing Office,"Y 1.6:, Y 1.4/6:",2022-12-22,HOUSE,Congress,House of Representatives,Bills and Statutes,2024-06-06T19:50:59Z,021-610-00252-9,https://api.govinfo.gov/packages/BILLS-117hr9683ih/summary,Clay Higgins,None,Committee on the Judiciary,Not Available
117,2,HR 9682,"To amend the Immigration and Nationality Act to make inadmissible past representatives or members of terrorist organizations, and for other purposes.",Preventing Terrorist Entry Act of 2022,ih,false,legislative,false,Congressional Bills,U.S. Government Publishing Office,"Y 1.6:, Y 1.4/6:",2022-12-22,HOUSE,Congress,House of Representatives,Bills and Statutes,2024-06-06T19:38:51Z,021-610-00252-9,https://api.govinfo.gov/packages/BILLS-117hr9682ih/summary,Clay Higgins,None,Committee on the Judiciary,Not Available
117,2,HR 9681,"To direct the Department of Education to conduct a study on Holocaust education efforts in public elementary and secondary schools, and for other purposes.","Holocaust Education and Antisemitism Lessons Act, HEAL Act",ih,false,legislative,false,Congressional Bills,U.S. Government Publishing Office,"Y 1.6:, Y 1.4/6:",2022-12-22,HOUSE,Congress,House of Representatives,Bills and Statutes,2024-06-06T19:47:48Z,021-610-00252-9,https://api.govinfo.gov/packages/BILLS-117hr9681ih/summary,Josh Gottheimer,"Michael T. McCaul, Kathy E. Manning, Brad Sherman, Brian K. Fitzpatrick, Sheila Jackson Lee, Debbie Wasserman Schultz",Committee on Education and Labor,Not Available
117,2,HR 9680,"To amend the Internal Revenue Code to establish a flat tax, and for other purposes.",,ih,false,legislative,false,Congressional Bills,U.S. Government Publishing Office,"Y 1.6:, Y 1.4/6:",2022-12-22,HOUSE,Congress,House of Representatives,Bills and Statutes,2024-06-06T19:51:52Z,021-610-00252-9,https://api.govinfo.gov/packages/BILLS-117hr9680ih/summary,Louie Gohmert,None,Committee on Ways and Means,Not Available
117,1,HR 967,"To require the Director of the Office of Personnel Management to revise job classification and qualification standards for positions within the competitive service regarding educational requirements for such positions, and for other purposes.",Federal Skills Act,ih,false,legislative,false,Congressional Bills,U.S. Government Publishing Office,"Y 1.6:, Y 1.4/6:",2021-02-11,HOUSE,Congress,House of Representatives,Bills and Statutes,2024-06-06T19:18:46Z,021-610-00252-9,https://api.govinfo.gov/packages/BILLS-117hr967ih/summary,Ted Budd,None,Committee on Oversight and Reform,Not Available
117,2,HR 9679,"To increase the number of manufacturers registered under the Controlled Substances Act to manufacture cannabis for legitimate research purposes, to authorize health care providers of the Department of Veterans Affairs to provide recommendations to veterans regarding participation in federally approved cannabis clinical trials, and for other purposes.",Medical Cannabis Research Act of 2022,ih,false,legislative,false,Congressional Bills,U.S. Government Publishing Office,"Y 1.6:, Y 1.4/6:",2022-12-22,HOUSE,Congress,House of Representatives,Bills and Statutes,2024-06-06T19:33:51Z,021-610-00252-9,https://api.govinfo.gov/packages/BILLS-117hr9679ih/summary,Matt Gaetz,None,"Committee on Energy and Commerce, Committee on the Judiciary, Committee on Veterans' Affairs",Not Available
117,2,HR 9678,"To ensure 100 percent renewable electricity, zero emission vehicles, and regenerative agriculture by 2030 to address global warming caused by human activity.",Earth Act of 2022,ih,false,legislative,false,Congressional Bills,U.S. Government Publishing Office,"Y 1.6:, Y 1.4/6:",2022-12-22,HOUSE,Congress,House of Representatives,Bills and Statutes,2024-06-06T19:44:25Z,021-610-00252-9,https://api.govinfo.gov/packages/BILLS-117hr9678ih/summary,Adriano Espaillat,None,"Committee on Agriculture, Committee on Energy and Commerce, Committee on Ways and Means",Not Available
117,2,HR 9677,"To increase the aggregate limitation on grants to low-income taxpayer clinics, and for other purposes.",Low-Income Tax Clinic Modernization Act,ih,false,legislative,false,Congressional Bills,U.S. Government Publishing Office,"Y 1.6:, Y 1.4/6:",2022-12-22,HOUSE,Congress,House of Representatives,Bills and Statutes,2024-06-06T19:45:32Z,021-610-00252-9,https://api.govinfo.gov/packages/BILLS-117hr9677ih/summary,Danny K. Davis,Jamie Raskin,Committee on Ways and Means,Not Available
117,2,HR 9676,"To expand and improve the programs and activities of the Department of Health and Human Services for awareness, education, research, surveillance, diagnosis, and treatment concerning rare diseases and conditions.","Rare disease Advancement, surveillance Research, and Education Act of 2022, RARE Act of 2022",ih,false,legislative,false,Congressional Bills,U.S. Government Publishing Office,"Y 1.6:, Y 1.4/6:",2022-12-22,HOUSE,Congress,House of Representatives,Bills and Statutes,2024-06-06T19:25:21Z,021-610-00252-9,https://api.govinfo.gov/packages/BILLS-117hr9676ih/summary,Andre Carson,None,Committee on Energy and Commerce,Not Available
117,2,HR 9675,"To amend the Elementary and Secondary Education Act of 1965 to authorize an interstate teaching application program, and for other purposes.",Interstate Teaching Mobility Act,ih,false,legislative,false,Congressional Bills,U.S. Government Publishing Office,"Y 1.6:, Y 1.4/6:",2022-12-22,HOUSE,Congress,House of Representatives,Bills and Statutes,2024-06-06T19:39:22Z,021-610-00252-9,https://api.govinfo.gov/packages/BILLS-117hr9675ih/summary,Andre Carson,Albio Sires,Committee on Education and Labor,Not Available
117,2,HR 9674,"To amend the Workforce Innovation and Opportunity Act to direct the Secretary of Labor to carry out a competitive grant program to support community colleges and career and technical education centers in developing immersive technology education and training programs for workforce development, and for other purposes.",Immersive Technology for the American Workforce Act of 2022,ih,false,legislative,false,Congressional Bills,U.S. Government Publishing Office,"Y 1.6:, Y 1.4/6:",2022-12-22,HOUSE,Congress,House of Representatives,Bills and Statutes,2024-06-06T19:41:52Z,021-610-00252-9,https://api.govinfo.gov/packages/BILLS-117hr9674ih/summary,Lisa Blunt Rochester,None,Committee on Education and Labor,Not Available
117,2,HR 9673,To designate a peak in the State of Washington as qwəɬtmáyqn-ʔistiqayuʔ-Mount Cleator.,,ih,false,legislative,false,Congressional Bills,U.S. Government Publishing Office,"Y 1.6:, Y 1.4/6:",2022-12-22,HOUSE,Congress,House of Representatives,Bills and Statutes,2024-06-06T19:24:09Z,021-610-00252-9,https://api.govinfo.gov/packages/BILLS-117hr9673ih/summary,"Donald S. Beyer, Jr.",Kim Schrier,Committee on Natural Resources,Not Available
117,2,HR 9672,To amend the Emergency Food Assistance Act of 1983 to provide additional agricultural products for distribution by emergency feeding organizations; and for other purposes.,Farmers Feeding Families Act of 2022,ih,false,legislative,false,Congressional Bills,U.S. Government Publishing Office,"Y 1.6:, Y 1.4/6:",2022-12-22,HOUSE,Congress,House of Representatives,Bills and Statutes,2024-06-06T19:22:44Z,021-610-00252-9,https://api.govinfo.gov/packages/BILLS-117hr9672ih/summary,Kim Schrier,None,Committee on Agriculture,Not Available
117,2,HR 9671,"To protect stateless persons in the United States, and for other purposes.",Stateless Protection Act of 2022,ih,false,legislative,false,Congressional Bills,U.S. Government Publishing Office,"Y 1.6:, Y 1.4/6:",2022-12-22,HOUSE,Congress,House of Representatives,Bills and Statutes,2024-06-06T19:20:52Z,021-610-00252-9,https://api.govinfo.gov/packages/BILLS-117hr9671ih/summary,Jamie Raskin,None,"Committee on Foreign Affairs, Committee on the Judiciary",Not Available
117,2,HR 9670,"To amend the Communications Act of 1934 to prohibit the application of certain private land use restrictions to amateur station antennas, and for other purposes.",Amateur Radio Emergency Preparedness Act,ih,false,legislative,false,Congressional Bills,U.S. Government Publishing Office,"Y 1.6:, Y 1.4/6:",2022-12-22,HOUSE,Congress,House of Representatives,Bills and Statutes,2024-06-06T19:48:29Z,021-610-00252-9,https://api.govinfo.gov/packages/BILLS-117hr9670ih/summary,Bill Johnson,None,Committee on Energy and Commerce,Not Available
117,1,HR 966,"To amend the National Voter Registration Act of 1993 to prohibit a State from removing the name of any registrant from the official list of voters eligible to vote in elections for Federal office in the State unless the State verifies, on the basis of objective and reliable evidence, that the registrant is ineligible to vote in such elections.",Save Voters Act,ih,false,legislative,false,Congressional Bills,U.S. Government Publishing Office,"Y 1.6:, Y 1.4/6:",2021-02-11,HOUSE,Congress,House of Representatives,Bills and Statutes,2024-06-06T19:58:06Z,021-610-00252-9,https://api.govinfo.gov/packages/BILLS-117hr966ih/summary,Joyce Beatty,"Janice D. Schakowsky, Jim Cooper, James P. McGovern",Committee on House Administration,Not Available
117,2,HR 9669,"To amend the Sean and David Goldman International Child Abduction Prevention and Return Act of 2014 to expand protections for abducted children, and for other purposes.",Bring Abducted Children Home Amendments Act,ih,false,legislative,false,Congressional Bills,U.S. Government Publishing Office,"Y 1.6:, Y 1.4/6:",2022-12-21,HOUSE,Congress,House of Representatives,Bills and Statutes,2024-06-06T19:41:17Z,021-610-00252-9,https://api.govinfo.gov/packages/BILLS-117hr9669ih/summary,Christopher H. Smith,None,"Committee on Foreign Affairs, Committee on the Judiciary",Not Available
117,2,HR 9668,To amend the Internal Revenue Code of 1986 to provide for school infrastructure finance and innovation tax credit bonds.,"School Infrastructure Finance and Innovation Act, SIFIA Act",ih,false,legislative,false,Congressional Bills,U.S. Government Publishing Office,"Y 1.6:, Y 1.4/6:",2022-12-21,HOUSE,Congress,House of Representatives,Bills and Statutes,2024-06-06T19:38:07Z,021-610-00252-9,https://api.govinfo.gov/packages/BILLS-117hr9668ih/summary,Terri A. Sewell,Stacey E. Plaskett,Committee on Ways and Means,Not Available
117,2,HR 9667,"To amend the Food, Agriculture, Conservation, and Trade Act of 1990 to establish a sustainable agriculture research and education resilience initiative, and for other purposes.","Sustainable Agriculture Research and Education Modernization Act, SARE Modernization Act",ih,false,legislative,false,Congressional Bills,U.S. Government Publishing Office,"Y 1.6:, Y 1.4/6:",2022-12-21,HOUSE,Congress,House of Representatives,Bills and Statutes,2024-06-06T19:20:01Z,021-610-00252-9,https://api.govinfo.gov/packages/BILLS-117hr9667ih/summary,Kim Schrier,Chellie Pingree,Committee on Agriculture,Not Available
117,2,HR 9666,"To amend title 38, United States Code, to authorize veterans who are entitled to educational assistance under the Post-9/11 Educational Assistance Program of the Department of Veterans Affairs to use such entitlement to participate in a career transition internship program for veterans.",GI Internship Program Act,ih,false,legislative,false,Congressional Bills,U.S. Government Publishing Office,"Y 1.6:, Y 1.4/6:",2022-12-21,HOUSE,Congress,House of Representatives,Bills and Statutes,2024-06-06T19:20:21Z,021-610-00252-9,https://api.govinfo.gov/packages/BILLS-117hr9666ih/summary,Bradley Scott Schneider,"Doug LaMalfa, Mike Quigley, Aumua Amata Coleman Radewagen, Matt Gaetz",Committee on Veterans' Affairs,Not Available
117,2,HR 9665,"To amend the Water Infrastructure Finance and Innovation Act of 2014 to establish payment and performance security requirements for projects, and for other purposes.",,ih,false,legislative,false,Congressional Bills,U.S. Government Publishing Office,"Y 1.6:, Y 1.4/6:",2022-12-21,HOUSE,Congress,House of Representatives,Bills and Statutes,2024-06-06T19:40:38Z,021-610-00252-9,https://api.govinfo.gov/packages/BILLS-117hr9665ih/summary,Stephen F. Lynch,Troy Balderson,"Committee on Energy and Commerce, Committee on Transportation and Infrastructure",Not Available
117,2,HR 9664,"To direct the Federal Communications Commission to amend part 97.307(f) of title 47, Code of Federal Regulations, to allow greater flexibility in data communications in the amateur radio service, and for other purposes.",Amateur Radio Communications Improvement Act,ih,false,legislative,false,Congressional Bills,U.S. Government Publishing Office,"Y 1.6:, Y 1.4/6:",2022-12-21,HOUSE,Congress,House of Representatives,Bills and Statutes,2024-06-06T19:33:11Z,021-610-00252-9,https://api.govinfo.gov/packages/BILLS-117hr9664ih/summary,Debbie Lesko,None,Committee on Energy and Commerce,Not Available
117,2,HR 9663,"To provide for United States participation in the Inter-Parliamentary Union, and for other purposes.",United States Inter-Parliamentary Union Participation Act,ih,false,legislative,false,Congressional Bills,U.S. Government Publishing Office,"Y 1.6:, Y 1.4/6:",2022-12-21,HOUSE,Congress,House of Representatives,Bills and Statutes,2024-06-06T19:34:51Z,021-610-00252-9,https://api.govinfo.gov/packages/BILLS-117hr9663ih/summary,Barbara Lee,None,Committee on Foreign Affairs,Not Available
117,2,HR 9662,"To amend the FAA Reauthorization Act of 2018 to extend the existing aviation workforce development programs and provide grants to develop aviation manufacturing and supplier workforce, and for other purposes.","Aviation Workforce, Opportunity, Recruiting, Knowledge, and Supply Act, Aviation WORKS Act",ih,false,legislative,false,Congressional Bills,U.S. Government Publishing Office,"Y 1.6:, Y 1.4/6:",2022-12-21,HOUSE,Congress,House of Representatives,Bills and Statutes,2024-06-06T19:47:33Z,021-610-00252-9,https://api.govinfo.gov/packages/BILLS-117hr9662ih/summary,Rick Larsen,None,Committee on Transportation and Infrastructure,Not Available
117,2,HR 9661,"To direct the Secretary of Veterans Affairs to conduct certain outreach to legacy participants in the program of comprehensive assistance for family caregivers of the Department of Veterans Affairs, and for other purposes.",VA Caregiver Continuity Act,ih,false,legislative,false,Congressional Bills,U.S. Government Publishing Office,"Y 1.6:, Y 1.4/6:",2022-12-21,HOUSE,Congress,House of Representatives,Bills and Statutes,2024-06-06T20:02:00Z,021-610-00252-9,https://api.govinfo.gov/packages/BILLS-117hr9661ih/summary,Andy Kim,Richard Hudson,Committee on Veterans' Affairs,Not Available
117,2,HR 9660,"To amend title 28, United States Code, to prohibit the issuance of national injunctions by courts other than the United States District Court for the District of Columbia, the United States Court of Appeals for the District of Columbia Circuit, and the United States Supreme Court, and for other purposes.",Injunction Reform Act of 2022,ih,false,legislative,false,Congressional Bills,U.S. Government Publishing Office,"Y 1.6:, Y 1.4/6:",2022-12-21,HOUSE,Congress,House of Representatives,Bills and Statutes,2024-06-06T19:31:05Z,021-610-00252-9,https://api.govinfo.gov/packages/BILLS-117hr9660ih/summary,Mondaire Jones,None,Committee on the Judiciary,Not Available
117,1,HR 965,"An Act To establish a comprehensive United States Government initiative to build the capacity of young leaders and entrepreneurs in Africa, and for other purposes.","Young African Leaders Initiative Act of 2021, YALI Act of 2021",rs,false,legislative,false,Congressional Bills,U.S. Government Publishing Office,"Y 1.6:, Y 1.4/6:",2021-10-28,SENATE,Congress,Senate,Bills and Statutes,2024-06-06T19:32:37Z,021-610-00252-9,https://api.govinfo.gov/packages/BILLS-117hr965rs/summary,Robert Menendez,None,Committee on Foreign Relations,Not Available
117,1,HR 965,"An Act To establish a comprehensive United States Government initiative to build the capacity of young leaders and entrepreneurs in Africa, and for other purposes.","Young African Leaders Initiative Act of 2021, YALI Act of 2021",rfs,false,legislative,false,Congressional Bills,U.S. Government Publishing Office,"Y 1.6:, Y 1.4/6:",2021-04-22,SENATE,Congress,Senate,Bills and Statutes,2024-06-06T19:24:51Z,021-610-00252-9,https://api.govinfo.gov/packages/BILLS-117hr965rfs/summary,None,None,Committee on Foreign Relations,Not Available
117,1,HR 965,"To establish a comprehensive United States Government initiative to build the capacity of young leaders and entrepreneurs in Africa, and for other purposes.","Young African Leaders Initiative Act of 2021, YALI Act of 2021",ih,false,legislative,false,Congressional Bills,U.S. Government Publishing Office,"Y 1.6:, Y 1.4/6:",2021-02-11,HOUSE,Congress,House of Representatives,Bills and Statutes,2024-06-06T19:58:36Z,021-610-00252-9,https://api.govinfo.gov/packages/BILLS-117hr965ih/summary,Karen Bass,None,Committee on Foreign Affairs,Not Available
117,1,HR 965,"An Act To establish a comprehensive United States Government initiative to build the capacity of young leaders and entrepreneurs in Africa, and for other purposes.",Young African Leaders Initiative Act of 2021,eh,false,legislative,false,Congressional Bills,U.S. Government Publishing Office,"Y 1.6:, Y 1.4/6:",2021-04-20,HOUSE,Congress,House of Representatives,Bills and Statutes,2024-06-06T19:38:00Z,021-610-00252-9,https://api.govinfo.gov/packages/BILLS-117hr965eh/summary,None,None,None,Not Available
117,2,HR 9659,"To direct the Secretary of Energy to carry out a research, development, and demonstration program with respect to building technologies, and for other purposes.",Building Technologies Research and Development Act,ih,false,legislative,false,Congressional Bills,U.S. Government Publishing Office,"Y 1.6:, Y 1.4/6:",2022-12-21,HOUSE,Congress,House of Representatives,Bills and Statutes,2024-06-06T19:21:38Z,021-610-00252-9,https://api.govinfo.gov/packages/BILLS-117hr9659ih/summary,Eddie Bernice Johnson,None,"Committee on Science, Space, and Technology",Not Available
117,2,HR 9658,To amend title XVIII of the Social Security Act to establish a new criterion for the nonapplication of site-neutral payments to long-term care hospitals under the Medicare program.,Securing Access to Care for Seniors in Critical Condition Act of 2022,ih,false,legislative,false,Congressional Bills,U.S. Government Publishing Office,"Y 1.6:, Y 1.4/6:",2022-12-21,HOUSE,Congress,House of Representatives,Bills and Statutes,2024-06-06T19:22:06Z,021-610-00252-9,https://api.govinfo.gov/packages/BILLS-117hr9658ih/summary,Kevin Hern,None,Committee on Ways and Means,Not Available
117,2,HR 9657,"To prohibit the use or declaration of a public health emergency with respect to abortion, and for other purposes.",Protecting Life from Chemical Abortions Act,ih,false,legislative,false,Congressional Bills,U.S. Government Publishing Office,"Y 1.6:, Y 1.4/6:",2022-12-21,HOUSE,Congress,House of Representatives,Bills and Statutes,2024-06-06T19:53:45Z,021-610-00252-9,https://api.govinfo.gov/packages/BILLS-117hr9657ih/summary,Kevin Hern,None,Committee on Energy and Commerce,Not Available
117,2,HR 9656,"To amend title 18, United States Code, to update the privacy protections for electronic communications information that is stored by third-party service providers in order to protect consumer privacy interests while meeting law enforcement needs, and for other purposes.",Email Privacy Act,ih,false,legislative,false,Congressional Bills,U.S. Government Publishing Office,"Y 1.6:, Y 1.4/6:",2022-12-21,HOUSE,Congress,House of Representatives,Bills and Statutes,2024-06-06T19:58:05Z,021-610-00252-9,https://api.govinfo.gov/packages/BILLS-117hr9656ih/summary,Suzan K. DelBene,None,Committee on the Judiciary,Not Available
117,2,HR 9655,To amend the Social Security Act to establish a Medicare for America health program to provide for comprehensive health coverage for all Americans.,Medicare for America Act of 2019,ih,false,legislative,false,Congressional Bills,U.S. Government Publishing Office,"Y 1.6:, Y 1.4/6:",2022-12-21,HOUSE,Congress,House of Representatives,Bills and Statutes,2024-06-06T19:46:22Z,021-610-00252-9,https://api.govinfo.gov/packages/BILLS-117hr9655ih/summary,Rosa L. DeLauro,"Janice D. Schakowsky, Lloyd Doggett, Zoe Lofgren, Raul M. Grijalva","Committee on Education and Labor, Committee on House Administration, Committee on Energy and Commerce, Committee on Natural Resources, Committee on the Judiciary, Committee on Ways and Means",Not Available
